Date,Free_Chlorine_ppm,Combined_Chlorine_ppm,pH,Cyanuric_Acid_ppm,Calcium_Hardness_ppm,Phosphates_ppb,Water_Temperature_F
2021-08-29,3.8,0.2,7.5,38,280,40,90
2021-09-05,3.9,0.37,7.51,38,282,3,90
2021-09-12,3.9,0.34,7.51,39,281,25,88
2021-09-19,3.8,0.33,7.5,39,282,59,91
2021-09-26,3.5,0.48,7.43,39,282,0,90
2021-10-03,3.7,0.35,7.44,39,284,19,87
2021-10-10,3.7,0.19,7.41,39,284,22,88
2021-10-17,4.7,0.14,7.36,39,286,44,86
2021-10-24,5.1,0.21,7.42,40,288,45,82
2021-10-31,4.9,0.02,7.47,40,291,0,83
2021-11-07,4.2,0.15,7.37,41,292,0,78
2021-11-14,3.6,0.1,7.39,41,293,0,81
2021-11-21,4.3,0.27,7.48,41,293,53,77
2021-11-28,4.3,0.0,7.55,41,295,0,75
2021-12-05,4.4,0.0,7.6,42,296,13,73
2021-12-12,3.5,0.0,7.58,42,296,68,75
2021-12-19,4.1,0.0,7.51,42,298,56,71
2021-12-26,4.3,0.0,7.44,43,297,73,69
2022-01-02,3.7,0.02,7.48,43,299,40,68
2022-01-09,3.6,0.04,7.5,43,301,40,69
2022-01-16,3.8,0.07,7.58,43,302,0,68
2022-01-23,3.9,0.13,7.63,44,302,0,67
2022-01-30,3.8,0.03,7.59,44,303,3,66
2022-02-06,2.6,0.5,7.59,44,305,195,69
2022-02-13,1.8,0.82,7.65,45,304,338,64
2022-02-20,1.5,1.01,7.72,45,304,399,64
2022-02-27,1.8,1.16,7.76,45,306,437,64
2022-03-06,0.2,1.24,7.76,45,308,486,67
2022-03-13,1.4,1.17,7.71,45,310,349,68
2022-03-20,2.4,0.87,7.63,45,313,256,67
2022-03-27,3.1,0.63,7.56,46,314,192,66
2022-04-03,3.3,0.41,7.56,46,316,198,67
2022-04-10,2.7,0.22,7.52,47,320,109,71
2022-04-17,3.3,0.07,7.53,47,321,86,73
2022-04-24,4.3,0.0,7.54,47,321,113,74
2022-05-01,3.5,0.05,7.46,48,323,135,73
2022-05-08,4.1,0.14,7.44,48,325,56,76
2022-05-15,3.9,0.16,7.54,48,325,43,77
2022-05-22,3.9,0.08,7.46,48,326,93,79
2022-05-29,3.4,0.22,7.34,49,329,96,82
2022-06-05,3.5,0.31,7.27,49,331,86,82
2022-06-12,4.2,0.26,7.33,49,331,66,85
2022-06-19,4.3,0.16,7.37,49,333,47,85
2022-06-26,4.9,0.24,7.4,49,334,58,87
2022-07-03,5.1,0.25,7.5,49,335,46,88
2022-07-10,4.8,0.06,7.34,50,337,46,85
2022-07-17,5.3,0.09,7.4,50,337,50,88
2022-07-24,4.9,0.16,7.52,50,338,26,89
2022-07-31,4.9,0.06,7.45,50,342,53,89
2022-08-07,4.4,0.13,7.44,51,343,154,90
2022-08-14,4.2,0.0,7.41,51,344,56,94
2022-08-21,3.7,0.2,7.38,52,345,65,89
2022-08-28,4.2,0.35,7.39,52,346,33,93
2022-09-04,3.5,0.28,7.5,52,346,59,87
2022-09-11,4.0,0.3,7.61,53,226,58,89
2022-09-18,3.8,0.0,7.56,53,228,82,90
2022-09-25,4.3,0.0,7.66,53,227,112,90
2022-10-02,4.5,0.0,7.62,54,229,97,89
2022-10-09,5.1,0.0,7.7,54,230,120,88
2022-10-16,5.0,0.08,7.64,54,232,13,84
2022-10-23,3.9,0.35,7.62,55,232,82,83
2022-10-30,3.9,0.17,7.61,55,234,84,84
2022-11-06,3.4,0.08,7.77,55,237,110,80
2022-11-13,3.4,0.14,7.75,55,239,46,76
2022-11-20,4.3,0.35,7.65,56,239,18,75
2022-11-27,4.5,0.16,7.67,56,241,35,74
2022-12-04,4.0,0.2,7.61,56,242,39,75
2022-12-11,3.5,0.42,7.55,56,242,53,73
2022-12-18,3.7,0.16,7.59,57,243,90,73
2022-12-25,3.3,0.02,7.57,57,245,14,69
2023-01-01,3.2,0.02,7.57,57,246,61,69
2023-01-08,3.6,0.01,7.55,57,248,57,69
2023-01-15,4.3,0.17,7.56,58,249,48,66
2023-01-22,4.5,0.2,7.57,58,252,0,67
2023-01-29,3.3,0.0,7.44,58,254,33,64
2023-02-05,3.7,0.12,7.49,58,253,0,65
2023-02-12,3.8,0.07,7.44,59,254,11,64
2023-02-19,4.1,0.26,7.37,59,255,0,63
2023-02-26,4.8,0.17,7.4,59,254,1,66
2023-03-05,3.6,0.1,7.43,59,255,14,65
2023-03-12,3.5,0.2,7.4,59,258,68,66
2023-03-19,3.9,0.29,7.48,60,258,55,68
2023-03-26,3.2,0.32,7.4,60,259,29,69
2023-04-02,4.2,0.08,7.4,60,260,19,70
2023-04-09,4.3,0.18,7.39,60,260,74,70
2023-04-16,4.6,0.06,7.42,60,263,84,70
2023-04-23,4.1,0.13,7.45,61,264,59,72
2023-04-30,4.4,0.0,7.4,61,265,48,70
2023-05-07,4.8,0.1,7.47,61,265,0,72
2023-05-14,4.6,0.03,7.48,61,268,27,74
2023-05-21,4.5,0.0,7.37,34,269,0,76
2023-05-28,4.4,0.1,7.29,34,270,27,81
2023-06-04,3.9,0.16,7.34,35,272,39,80
2023-06-11,3.8,0.1,7.37,35,272,127,82
2023-06-18,3.8,0.3,7.39,35,274,61,87
2023-06-25,4.0,0.22,7.42,36,275,54,85
2023-07-02,4.4,0.22,7.45,35,276,115,88
2023-07-09,3.7,0.24,7.52,35,277,134,86
2023-07-16,3.7,0.16,7.45,36,278,80,89
2023-07-23,4.4,0.23,7.39,36,280,78,88
2023-07-30,3.8,0.15,7.35,36,281,68,90
2023-08-06,3.4,0.12,7.41,37,283,72,92
2023-08-13,3.6,0.31,7.51,37,284,40,87
2023-08-20,4.1,0.15,7.48,37,286,40,92
2023-08-27,3.9,0.0,7.33,38,287,0,91
2023-09-03,4.5,0.17,7.27,38,290,14,89
2023-09-10,4.6,0.48,7.28,38,290,42,87
2023-09-17,4.7,0.35,7.3,38,292,37,89
2023-09-24,4.6,0.07,7.33,39,295,0,87
2023-10-01,5.4,0.07,7.37,39,295,42,88
2023-10-08,4.8,0.08,7.39,39,298,58,86
2023-10-15,2.4,0.42,7.58,40,301,240,88
2023-10-22,2.5,0.55,7.62,40,303,373,83
2023-10-29,1.6,0.85,7.64,40,304,418,80
2023-11-05,1.3,1.04,7.73,40,305,480,81
2023-11-12,2.8,0.61,7.58,40,306,307,80
2023-11-19,2.5,0.57,7.58,40,308,240,80
2023-11-26,2.5,0.71,7.57,40,310,154,78
2023-12-03,2.3,0.58,7.54,40,312,127,75
2023-12-10,2.5,0.42,7.63,41,312,95,76
2023-12-17,3.2,0.34,7.56,41,314,110,69
2023-12-24,3.7,0.37,7.67,41,316,70,69
2023-12-31,4.0,0.11,7.61,42,318,8,67
2024-01-07,3.3,0.16,7.51,42,320,0,67
2024-01-14,2.5,0.12,7.51,42,208,0,64
2024-01-21,3.1,0.37,7.44,42,209,0,68
2024-01-28,3.2,0.3,7.41,42,209,7,65
2024-02-04,3.7,0.47,7.46,42,209,6,62
2024-02-11,4.1,0.26,7.5,43,210,104,63
2024-02-18,4.1,0.31,7.46,43,211,25,66
2024-02-25,4.4,0.31,7.53,43,212,41,67
2024-03-03,4.4,0.18,7.59,43,210,4,69
2024-03-10,4.5,0.2,7.66,43,210,3,72
2024-03-17,4.0,0.35,7.65,43,212,24,67
2024-03-24,3.9,0.27,7.69,44,213,0,66
2024-03-31,4.0,0.04,7.53,44,215,0,64
2024-04-07,4.4,0.09,7.51,44,214,81,70
2024-04-14,4.1,0.01,7.45,44,217,54,69
2024-04-21,4.3,0.03,7.47,45,218,62,71
2024-04-28,4.1,0.07,7.44,45,220,93,72
2024-05-05,4.0,0.0,7.45,45,223,73,75
2024-05-12,4.4,0.0,7.57,45,226,44,79
2024-05-19,3.3,0.0,7.55,46,227,0,79
2024-05-26,3.0,0.0,7.56,46,227,18,80
2024-06-02,2.7,0.0,7.53,46,228,25,79
2024-06-09,2.1,0.0,7.53,47,230,0,79
2024-06-16,2.4,0.07,7.52,47,231,21,83
2024-06-23,3.2,0.03,7.54,47,232,11,85
2024-06-30,3.3,0.0,7.6,48,234,6,90
2024-07-07,3.6,0.1,7.68,48,236,43,88
2024-07-14,4.1,0.17,7.65,49,239,0,91
2024-07-21,4.6,0.47,7.65,49,240,53,89
2024-07-28,4.3,0.44,7.54,49,243,3,88
2024-08-04,4.7,0.41,7.53,49,245,0,89
2024-08-11,4.4,0.33,7.58,49,247,82,89
2024-08-18,3.8,0.39,7.61,49,247,111,95
2024-08-25,3.5,0.41,7.59,50,248,93,89
2024-09-01,2.9,0.5,7.62,50,249,45,92
2024-09-08,2.8,0.34,7.62,50,252,28,88
2024-09-15,3.0,0.25,7.66,50,253,38,91
2024-09-22,3.6,0.18,7.64,50,253,44,89
2024-09-29,4.5,0.28,7.58,51,253,43,87
2024-10-06,3.6,0.43,7.58,51,252,44,86
2024-10-13,3.9,0.31,7.39,51,252,39,84
2024-10-20,3.4,0.23,7.44,52,253,0,85
2024-10-27,3.8,0.26,7.23,52,256,0,82
2024-11-03,3.8,0.21,7.2,52,257,46,79
2024-11-10,3.1,0.32,7.3,52,256,0,77
2024-11-17,3.8,0.01,7.38,53,257,10,78
2024-11-24,3.6,0.0,7.34,52,258,0,79
2024-12-01,3.5,0.0,7.34,52,261,19,75
2024-12-08,3.2,0.0,7.46,52,261,16,73
2024-12-15,3.2,0.0,7.44,52,262,80,72
2024-12-22,3.7,0.0,7.59,52,264,87,73
2024-12-29,3.7,0.0,7.57,53,266,28,70
2025-01-05,3.9,0.11,7.58,53,268,59,67
2025-01-12,4.1,0.11,7.65,54,269,29,70
2025-01-19,3.5,0.34,7.72,54,271,226,67
2025-01-26,2.3,0.62,7.71,54,273,385,69
2025-02-02,1.1,0.95,7.75,54,273,69,66
2025-02-09,2.6,0.61,7.68,55,275,35,63
2025-02-16,2.9,0.38,7.56,55,275,19,62
2025-02-23,3.8,0.39,7.53,30,276,7,68
2025-03-02,4.0,0.31,7.48,31,278,2,69
2025-03-09,4.0,0.35,7.54,31,278,57,65
2025-03-16,4.1,0.31,7.53,31,280,77,66
2025-03-23,5.0,0.36,7.51,31,280,127,70
2025-03-30,5.6,0.19,7.5,31,280,180,66
2025-04-06,5.0,0.19,7.51,32,281,98,67
2025-04-13,4.8,0.17,7.55,32,281,84,72
2025-04-20,5.0,0.03,7.47,32,283,31,71
2025-04-27,4.3,0.0,7.42,32,283,10,73
2025-05-04,4.3,0.07,7.5,33,285,2,74
2025-05-11,4.2,0.07,7.48,33,285,0,77
2025-05-18,4.2,0.0,7.4,33,285,0,81
2025-05-25,3.8,0.04,7.45,34,286,0,80
2025-06-01,1.9,0.55,7.59,34,289,180,82
2025-06-08,0.5,0.5,7.58,34,290,374,78
2025-06-15,0.1,0.56,7.67,35,291,438,84
2025-06-22,0.0,0.67,7.77,35,293,497,84
2025-06-29,0.1,1.04,7.83,35,292,505,84
2025-07-06,2.3,0.82,7.78,36,293,385,86
2025-07-13,3.3,0.73,7.63,35,296,278,88
2025-07-20,3.0,0.43,7.62,36,298,151,91
2025-07-27,3.5,0.23,7.57,36,299,123,87
2025-08-03,3.4,0.27,7.52,36,301,58,91
2025-08-10,3.4,0.26,7.57,37,303,107,90
2025-08-17,3.6,0.31,7.64,37,302,115,90
2025-08-24,3.9,0.25,7.71,37,196,96,93
2025-08-31,3.7,0.27,7.74,37,197,0,92
2025-09-07,4.2,0.27,7.67,37,198,0,93
2025-09-14,3.5,0.34,7.65,38,200,28,89
2025-09-21,3.6,0.4,7.66,38,201,78,87
2025-09-28,4.9,0.14,7.63,38,200,107,87
2025-10-05,4.6,0.0,7.6,39,200,31,87
2025-10-12,5.0,0.1,7.63,39,199,49,86
2025-10-19,4.6,0.27,7.59,39,200,85,82
2025-10-26,4.6,0.13,7.52,40,201,14,83
2025-11-02,3.2,0.26,7.59,40,202,237,82
2025-11-09,2.2,0.58,7.71,40,204,391,85
2025-11-16,1.3,0.91,7.76,40,206,471,82
2025-11-23,2.4,0.91,7.71,40,207,312,75
2025-11-30,2.6,0.76,7.7,41,206,209,75
2025-12-07,3.4,0.55,7.63,41,208,148,71
2025-12-14,4.1,0.34,7.64,41,210,94,71
2025-12-21,4.2,0.3,7.63,42,211,63,72
2025-12-28,4.0,0.23,7.52,42,214,57,72
2026-01-04,4.2,0.1,7.6,43,214,70,67
2026-01-11,4.0,0.38,7.55,43,217,52,66
2026-01-18,4.4,0.54,7.44,43,217,37,62
2026-01-25,3.5,0.57,7.39,43,219,45,66
2026-02-01,3.5,0.35,7.36,43,219,0,63
2026-02-08,2.8,0.41,7.39,44,219,21,64
2026-02-15,2.5,0.42,7.4,44,222,31,63
2026-02-22,3.7,0.41,7.41,44,222,39,65
2026-03-01,4.2,0.5,7.47,45,225,77,62
2026-03-08,3.8,0.48,7.5,45,226,0,63
2026-03-15,3.2,0.49,7.52,45,227,0,71
2026-03-22,2.1,0.48,7.54,45,230,0,65
2026-03-29,2.5,0.44,7.56,45,231,13,66
2026-04-05,4.1,0.15,7.42,46,230,32,73
2026-04-12,4.3,0.18,7.42,46,230,22,76
2026-04-19,3.9,0.12,7.31,46,232,55,69
2026-04-26,4.2,0.0,7.36,47,234,86,72
2026-05-03,3.4,0.25,7.39,47,233,90,75
2026-05-10,3.5,0.44,7.48,47,234,67,79
2026-05-17,3.7,0.53,7.56,47,234,0,76
2026-05-24,2.6,0.79,7.66,48,235,246,79
2026-05-31,2.2,1.11,7.69,48,235,430,82
2026-06-07,1.8,1.17,7.77,48,236,71,83
2026-06-14,1.7,1.23,7.77,48,236,304,83
2026-06-21,1.0,1.12,7.8,48,238,480,85
2026-06-28,2.4,0.89,7.79,48,240,321,84
2026-07-05,3.6,0.69,7.68,48,241,253,87
2026-07-12,3.3,0.39,7.68,49,242,184,88
2026-07-19,3.0,0.33,7.68,27,243,98,90
2026-07-26,3.9,0.28,7.58,27,244,96,89
2026-08-02,3.8,0.47,7.62,27,244,100,91
2026-08-09,4.4,0.5,7.63,27,244,85,93
2026-08-16,3.9,0.41,7.6,28,245,81,91
